{"cameraMode":{"drawMode":0,"name":"Shaded","section":"Shading Mode"},"sceneLighting":false,"audioPlay":false,"sceneViewState":{"showFog":true,"showMaterialUpdate":false,"showSkybox":false,"showFlares":true,"showImageEffects":true,"showParticleSystems":true},"in2DMode":false,"pivot":{"x":330.2287902832031,"y":463.62738037109377,"z":190.69622802734376},"rotation":{"x":0.08837899565696717,"y":-0.011353369802236557,"z":0.0010075224563479424,"w":0.9960231184959412},"size":10.0,"orthographic":false}