{"cameraMode":{"drawMode":0,"name":"Shaded","section":"Shading Mode"},"sceneLighting":false,"audioPlay":false,"sceneViewState":{"showFog":true,"showMaterialUpdate":false,"showSkybox":false,"showFlares":true,"showImageEffects":true,"showParticleSystems":true},"in2DMode":false,"pivot":{"x":0.06259346008300781,"y":0.4080038070678711,"z":-0.2973254323005676},"rotation":{"x":0.16133397817611695,"y":0.7413411140441895,"z":-0.19203947484493257,"w":0.622637152671814},"size":0.7271458506584168,"orthographic":false}