{"cameraMode":{"drawMode":0,"name":"Shaded","section":"Shading Mode"},"sceneLighting":false,"audioPlay":false,"sceneViewState":{"showFog":true,"showMaterialUpdate":false,"showSkybox":false,"showFlares":true,"showImageEffects":true,"showParticleSystems":true},"in2DMode":false,"pivot":{"x":10.257441520690918,"y":-10.527032852172852,"z":-5.0068464279174809},"rotation":{"x":-0.11117587238550186,"y":-0.8574714064598084,"z":0.2084593027830124,"w":-0.4571649134159088},"size":1.1948213577270508,"orthographic":false}