{"cameraMode":{"drawMode":0,"name":"Shaded","section":"Shading Mode"},"sceneLighting":false,"audioPlay":false,"sceneViewState":{"showFog":true,"showMaterialUpdate":false,"showSkybox":false,"showFlares":true,"showImageEffects":true,"showParticleSystems":true},"in2DMode":false,"pivot":{"x":0.0,"y":0.5410500168800354,"z":-0.17218151688575746},"rotation":{"x":0.07638926804065705,"y":0.9087033867835999,"z":-0.1908193677663803,"w":0.36356890201568606},"size":1.0271458625793458,"orthographic":false}