{"cameraMode":{"drawMode":0,"name":"Shaded","section":"Shading Mode"},"sceneLighting":true,"audioPlay":false,"sceneViewState":{"showFog":true,"showMaterialUpdate":false,"showSkybox":false,"showFlares":true,"showImageEffects":true,"showParticleSystems":true},"in2DMode":false,"pivot":{"x":4.8420915603637699,"y":1.8193812370300294,"z":-2.481166362762451},"rotation":{"x":-0.1320483684539795,"y":-0.2789439857006073,"z":0.03861029073596001,"w":-0.9505223631858826},"size":0.747729480266571,"orthographic":false}