{"cameraMode":{"drawMode":0,"name":"Shaded","section":"Shading Mode"},"sceneLighting":false,"audioPlay":false,"sceneViewState":{"showFog":true,"showMaterialUpdate":false,"showSkybox":false,"showFlares":true,"showImageEffects":true,"showParticleSystems":true},"in2DMode":false,"pivot":{"x":-0.6981649398803711,"y":5.881734848022461,"z":0.12708473205566407},"rotation":{"x":0.09250025451183319,"y":-0.8831132650375366,"z":0.19659025967121125,"w":0.4159599244594574},"size":14.623749732971192,"orthographic":false}