{"cameraMode":{"drawMode":0,"name":"Shaded","section":"Shading Mode"},"sceneLighting":true,"audioPlay":false,"sceneViewState":{"showFog":true,"showMaterialUpdate":false,"showSkybox":false,"showFlares":true,"showImageEffects":true,"showParticleSystems":true},"in2DMode":false,"pivot":{"x":-6.398000240325928,"y":8.48699951171875,"z":-0.7870002388954163},"rotation":{"x":0.05896522477269173,"y":-0.9055290222167969,"z":0.13408218324184419,"w":0.39827364683151247},"size":2.79435658454895,"orthographic":false}