{"cameraMode":{"drawMode":0,"name":"Shaded","section":"Shading Mode"},"sceneLighting":true,"audioPlay":false,"sceneViewState":{"showFog":true,"showMaterialUpdate":false,"showSkybox":false,"showFlares":true,"showImageEffects":true,"showParticleSystems":true},"in2DMode":false,"pivot":{"x":-0.1783297061920166,"y":0.734673261642456,"z":-1.8499524593353272},"rotation":{"x":0.04469141364097595,"y":0.9548249244689941,"z":-0.1915653645992279,"w":0.22275473177433015},"size":3.000936985015869,"orthographic":false}