{"cameraMode":{"drawMode":0,"name":"Shaded","section":"Shading Mode"},"sceneLighting":true,"audioPlay":false,"sceneViewState":{"showFog":true,"showMaterialUpdate":false,"showSkybox":false,"showFlares":true,"showImageEffects":true,"showParticleSystems":true},"in2DMode":false,"pivot":{"x":21.14055633544922,"y":3.4503402709960939,"z":3.138157844543457},"rotation":{"x":-0.2298838496208191,"y":-0.456783652305603,"z":0.1234758272767067,"w":-0.8504544496536255},"size":10.130928993225098,"orthographic":false}