{"cameraMode":{"drawMode":0,"name":"Shaded","section":"Shading Mode"},"sceneLighting":false,"audioPlay":false,"sceneViewState":{"showFog":true,"showMaterialUpdate":false,"showSkybox":false,"showFlares":true,"showImageEffects":true,"showParticleSystems":true},"in2DMode":false,"pivot":{"x":0.554876446723938,"y":-0.8122028112411499,"z":-0.3282642960548401},"rotation":{"x":0.13363000750541688,"y":0.724261999130249,"z":-0.14636225998401643,"w":0.6605160236358643},"size":1.2640056610107422,"orthographic":false}