{"cameraMode":{"drawMode":0,"name":"Shaded","section":"Shading Mode"},"sceneLighting":true,"audioPlay":false,"sceneViewState":{"showFog":true,"showMaterialUpdate":false,"showSkybox":false,"showFlares":true,"showImageEffects":true,"showParticleSystems":true},"in2DMode":false,"pivot":{"x":3.6838064193725588,"y":7.505640506744385,"z":-13.73613452911377},"rotation":{"x":0.01659362018108368,"y":0.9800536036491394,"z":-0.09289098531007767,"w":0.17498475313186646},"size":20.813796997070314,"orthographic":false}