{"cameraMode":{"drawMode":0,"name":"Shaded","section":"Shading Mode"},"sceneLighting":false,"audioPlay":false,"sceneViewState":{"showFog":true,"showMaterialUpdate":false,"showSkybox":false,"showFlares":true,"showImageEffects":true,"showParticleSystems":true},"in2DMode":false,"pivot":{"x":-2.6598148345947267,"y":-1.1665592193603516,"z":0.005443871021270752},"rotation":{"x":0.18457409739494325,"y":-0.6420593857765198,"z":0.16329768300056458,"w":0.7260115742683411},"size":4.589375972747803,"orthographic":false}