{"cameraMode":{"drawMode":0,"name":"Shaded","section":"Shading Mode"},"sceneLighting":false,"audioPlay":false,"sceneViewState":{"showFog":true,"showMaterialUpdate":false,"showSkybox":false,"showFlares":true,"showImageEffects":true,"showParticleSystems":true},"in2DMode":false,"pivot":{"x":1.4763507843017579,"y":-0.41087549924850466,"z":0.04739345610141754},"rotation":{"x":0.054160017520189288,"y":0.7047191262245178,"z":-0.053925465792417529,"w":0.7054396867752075},"size":1.8240370750427247,"orthographic":false}