{"cameraMode":{"drawMode":0,"name":"Shaded","section":"Shading Mode"},"sceneLighting":false,"audioPlay":false,"sceneViewState":{"showFog":true,"showMaterialUpdate":false,"showSkybox":false,"showFlares":true,"showImageEffects":true,"showParticleSystems":true},"in2DMode":false,"pivot":{"x":0.053748562932014468,"y":0.20600344240665437,"z":0.0225306898355484},"rotation":{"x":-0.0928196832537651,"y":0.892007052898407,"z":-0.21408462524414063,"w":-0.38727903366088869},"size":0.4647977650165558,"orthographic":false}